,alpha_aa_imgt_shorter,beta_aa_imgt_shorter,pdb_bound,mhc_type,pdb_unbound
0,AKTTQPTSMDCAEGRAANLPCNHSTISGNEYVYWYRQIHSQGPQYIIHGLKNNETNEMASLIITEDRKSSTLILPHATLRDTAVYYCIVWGGYQKVTFGTGTKLQVIP,TGVSQNPRHKITKRGQNVTFRCDPISEHNRLYWYRQTLGQGPEFLTYFQNEAQLEKSRLLSDRFSAERPKGSFSTLEIQRTEQGDSAMYLCASRYRDDSYNEQFFGPGTRLTVL,['3dxa'],['MH1'],['3dx9']
1,DAKTTQPNSMESNEEEPVHLPCNHSTISGTDYIHWYRQLPSQGPEYVIHGLTSNVNNRMASLAIAEDRKSSTLILHRATLRDAAVYYCILRDGRGGADGLTFGKGTHLIIQP,DSGVTQTPKHLITATGQRVTLRCSPRSGDLSVYWYQQSLDQGLQFLIQYYNGEERAKGNILERFSAQQFPDLHSELNLSSLELGDSALYFCASSVAVSAGTYEQYFGPGTRLTVT,['4gg6'],['MH2'],['4gg8']
2,EVEQDPGPLSVPEGAIVSLNCTYSNSAFQYFMWYRQYSRKGPELLMYTYSSGNKEDGRFTAQVDKSSKYISLFIRDSQPSDSATYLCAMRGDSSYKLIFGSGTRLLVRP,AGVIQSPRHEVTEMGQQVTLRCKPISGHDYLFWYRQTMMRGLELLIYFNNNVPIDDSGMPEDRFSAKMPNASFSTLKIQPSEPRDSAVYFCASSLWEKLAKNIQYFGAGTRLSVL,"['3uts', '3utt', '5c07', '5c08', '5c09', '5c0a', '5c0b', '5c0c', '5hyj']","['MH1', 'MH1', 'MH1', 'MH1', 'MH1', 'MH1', 'MH1', 'MH1', 'MH1']",['3utp']
3,EVEQNSGPLSVPEGAIASLNCTYSDRGSQSFFWYRQYSGKSPELIMFIYSNGDKEDGRFTAQLNKASQYVSLLIRDSQPSDSATYLCAVNFGGGKLIFGQGTELSVKP,IAGITQAPTSQILAAGRRMTLRCTQDMRHNAMYWYRQDLGLGLRLIHYSNTAGTTGKGEVPDGYSVSRANTDDFPLTLASAVPSQTSVYFCASSLSFGTEAFFGQGTRLTVV,"['3qdg', '3qdj', '6am5', '6amu']","['MH1', 'MH1', 'MH1', 'MH1']",['3qeu']
4,ILNVEQSPQSLHVQEGDSTNFTCSFPSSNFYALHWYRWETAKSPEALFVMTLNGDEKKKGRISATLNTKEGYSYLYIKGSQPEDSATYLCAFKAAGNKLTFGGGTRVLVKP,EPEVTQTPSHQVTQMGQEVILRCVPISNHLYFYWYRQILGQKVEFLVSFYNNEISEKSEIFDDQFSVERPDGSNFTLKIRSTKLEDSAMYFCASSRLAGGMDEQFFGPGTRLTVL,"['6cql', '6cqq', '6cqr']","['MH2', 'MH2', 'MH2']",['6cph']
5,IQVEQSPPDLILQEGANSTLRCNFSDSVNNLQWFHQNPWGQLINLFYIPSGTKQNGRLSATTVATERYSLLYISSSQTTDSGVYFCAALIQGAQKLVFGQGTRLTINP,NAGVTQTPKFRILKIGQSMTLQCTQDMNHNYMYWYRQDPGMGLKLIYYSVGAGITDKGEVPNGYNVSRSTTEDFPLRLELAAPSQTSVYFCASTYHGTGYFGEGSWLTVV,"['2iam', '2ian']","['MH2', 'MH2']",['2ial']
6,IQVEQSPPDLILQEGANSTLRCNFSDSVNNLQWFHQNPWGQLINLFYIPSGTKQNGRLSATTVATERYSLLYISSSQTTDSGVYFCAVDRGSTLGRLYFGRGTQLTVWP,GVTQSPTHLIKTRGQQATLRCSPISGHTSVYWYQQALGLGLQFLLWYDEGEERNRGNFPPRFSGRQFPNYSSELNVNALELEDSALYLCASSQIRETQYFGPGTRLLVL,['4e41'],['MH2'],['4e42']
7,KEVEQNSGPLSVPEGAIASLNCTYSDRGSQSFFWYRQYSGKSPELIMFIYSNGDKEDGRFTAQLNKASQYISLLIRDSKLSDSATYLCAVRTNSGYALNFGKGTSLLVTP,AGVTQSPTHLIKTRGQQVTLRCSPKQGHDTVSWYQQALGQGPQFIFQYYEEEERQRGNFPDRFSGHQFPNYSSELNVNALLLGDSALYLCASSDTVSYEQYFGPGTRLTVT,"['5nme', '5nmf', '5nmg']","['MH1', 'MH1', 'MH1']",['5nmd']
8,KEVEQNSGPLSVPEGAIASLNCTYSDRGSQSFFWYRQYSGKSPELIMSIYSNGDKEDGRFTAQLNKASQYVSLLIRDSQPSDSATYLCAVTTDSWGKLQFGAGTQVVVTP,GVTQTPKFQVLKTGQSMTLQCAQDMNHEYMSWYRQDPGMGLRLIHYSVGAGITDQGEVPNGYNVSRSTTEDFPLRLLSAAPSQTSVYFCASRPGLAGGRPEQYFGPGTRLTVT,"['1ao7', '1qrn', '1qse', '1qsf', '2gj6', '3h9s', '3pwp', '3qfj']","['MH1', 'MH1', 'MH1', 'MH1', 'MH1', 'MH1', 'MH1', 'MH1']",['3qh3']
9,KEVEQNSGPLSVPEGAIASLNCTYSDRGSQSFFWYRQYSGKSPELIMSIYSNGDKEDGRFTAQLNKASQYVSLLIRDSQPSDSATYLCAVTTDSWGKLQFGAGTQVVVTP,NAGVTQTPKFQVLKTGQSMTLQCAQDMNHEYMSWYRQDPGMGLRLIHYSVGAGITDQGEVPNGYNVSRSTTEDFPLRLLSAAPSQTSVYFCASRPGLMSAQPEQYFGPGTRLTVT,['4ftv'],['MH1'],['4grm']
10,KQEVTQIPAALSVPEGENLVLNCSFTDSAIYNLQWFRQDPGKGLTSLLLIQSSQREQTSGRLNASLDKSSGRSTLYIAASQPGDSATYLCAQLNQAGTALIFGKGTTLSVSS,NAGVTQTPKFQVLKTGQSMTLQCAQDMNHEYMSWYRQDPGMGLRLIHYSVGAGITDQGEVPNGYNVSRSTTEDFPLRLLSAAPSQTSVYFCASSYGTGINYGYTFGSGTRLTVV,['7r80'],['MH1'],['7r7z']
11,KQEVTQIPAALSVPEGENLVLNCSFTDSAIYNLQWFRQDPGKGLTSLLLIQSSQREQTSGRLNASLDKSSGRSTLYIAASQPGDSATYLCAVRMDSSYKLIFGSGTRLLVRP,DTGVSQNPRHKITKRGQNVTFRCDPISEHNRLYWYRQTLGQGPEFLTYFQNEAQLEKSRLLSDRFSAERPKGSFSTLEIQRTEQGDSAMYLCASSSWDTGELFFGEGSRLTVL,"['3vxr', '3vxs']","['MH1', 'MH1']",['3vxq']
12,KQEVTQIPAALSVPEGENLVLNCSFTDSAIYNLQWFRQDPGKGLTSLLLIQSSQREQTSGRLNASLDKSSGSSTLYIAASQPGDSATYLCAVRPLLDGTYIPTFGRGTSLIVHP,GVTQTPKFQVLKTGQSMTLQCAQDMNHEYMSWYRQDPGMGLRLIHYSVGAGTTDQGEVPNGYNVSRSTIEDFPLRLLSAAPSQTSVYFCASSYLGNTGELFFGEGSRLTVL,['2pye'],['MH1'],['2pyf']
13,KTTQPNSMESNEEEPVHLPCNHSTISGTDYIHWYRQLPSQGPEYVIHGLTSNVNNRMASLAIAEDRKSSTLILHRATLRDAAVYYCILPLAGGTSYGKLTFGQGTILTVHP,GVSQSPRYKVAKRGQDVALRCDPISGHVSLFWYQQALGQGPEFLTYFQNEAQLDKSGLPSDRFFAERPEGSVSTLKIQRTQQEDSAVYLCASSLGQAYEQYFGPGTRLTVT,"['1mi5', '3kpr', '3kps']","['MH1', 'MH1', 'MH1']",['1kgc']
14,LAKTTQPISMDSYEGQEVNITCSHNNIATNDYITWYQQFPSQGPRFIIQGYKTKVTNEVASLFIPADRKSSTLSLPRVSLSDTAVYYCLVGEILDNFNKFYFGSGTKLNVKP,DVKVTQSSRYLVKRTGEKVFLECVQDMDHENMFWYRQDPGLGLRLIYFSYDVKMKEKGDIPEGYSVSREKKERFSLILESASTNQTSMYLCASSQRQEGDTQYFGPGTRLTVL,['6avf'],['MH1'],['6at6']
15,LLEQSPQFLSIQEGENLTVYCNSSSVFSSLQWYRQEPGEGPVLLVTVVTGGEVKKLKRLTFQFGDARKDSSLHITAAQPGDTGLYLCAGAGSQGNLIFGKGTKLSVKP,DGGITQSPKYLFRKEGQNVTLSCEQNLNHDAMYWYRQDPGQGLRLIYYSQIVNDFQKGDIAEGYSVSREKKESFPLTVTSAQKNPTAFYLCASSSRSSYEQYFGPGTRLTVT,"['1oga', '2vlj', '2vlk']","['MH1', 'MH1', 'MH1']",['2vlm']
16,MKEVEQDPGPLSVPEGAIVSLNCTYSNSAFQYFMWYRQYSRKGPELLMYTYSSGNKEDGRFTAQVDKSSKYISLFIRDSQPSDSATYLCAMSGLKEDSSYKLIFGSGTRLLVRP,EAQVTQNPRYLITVTGKKLTVTCSQNMNHEYMSWYRQDPGLGLRQIYYSMNVEVTDKGDVPEGYKVSRKEKRNFPLILESPSPNQTSLYFCASSIQQGADTQYFGPGTRLTVL,['6vqo'],['MH1'],['6vtc']
17,QEVTQIPAALSVPEGENLVLNCSFTDSAIYNLQWFRQDPGKGLTSLLLIQSSQREQTSGRLNASLDKSSGRSTLYIAASQPGDSATYLCAVRPTSGGSYIPTFGRGTSLIVHP,GVTQTPKFQVLKTGQSMTLQCAQDMNHEYMSWYRQDPGMGLRLIHYSVGAGITDQGEVPNGYNVSRSTTEDFPLRLLSAAPSQTSVYFCASSYVGNTGELFFGEGSRLTVL,"['2bnq', '2bnr', '6q3s']","['MH1', 'MH1', 'MH1']",['2bnu']
18,QKEVEQNSGPLSVPEGAIASLNCTYSDRGSQSFFWYRQYSGKSPELIMFIYSNGDKEDGRFTAQLNKASQYVSLLIRDSQPSDSATYLCAVNRDDKIIFGKGTRLHILP,TGVSQNPRHKITKRGQNVTFRCDPISEHNRLYWYRQTLGQGPEFLTYFQNEAQLEKSRLLSDRFSAERPKGSFSTLEIQRTEQGDSAMYLCASSPDIEQYFGPGTRLTVT,"['7n1f', '7rtr']","['MH1', 'MH1']",['7n1d']
19,QKEVEQNSGPLSVPEGAIASLNCTYSDRGSQSFFWYRQYSGKSPELIMSIYSNGDKEDGRFTAQLNKASQYVSLLIRDSQPSDSATYLWGTYNQGGKLIFGQGTELSVKP,EAQVTQNPRYLITVTGKKLTVTCSQNMNHEYMSWYRQDPGLGLRQIYYSMNVEVTDKGDVPEGYKVSRKEKRNFPLILESPSPNQTSLYFCASSGASHEQYFGPGTRLTVT,"['3vxu', '3w0w']","['MH1', 'MH1']",['3vxt']
20,QKEVEQNSGPLSVPEGAIASLNCTYSFLGSQSFFWYRQYSGKSPELIMFTYREGDKEDGRFTAQLNKASQHVSLLIRDSQPSDSATYLCAVNDGGRLTFGDGTTLTVKP,SQTIHQWPATLVQPVGSPLSLECTVEGTSNPNLYWYRQAAGRGPQLLFYWGPFGQISSEVPQNLSASRPQDRQFILSSKKLLLSDSGFYLCAWSETGLGMGGWQFGEGSRLTVL,"['4jfe', '6eqb']","['MH1', 'MH1']",['4jfh']
21,QQVRQSPQSLTVWEGETAILNCSYENSAFDYFPWYQQFPGEGPALLISILSVSNKKEDGRFTIFFNKREKKLSLHIADSQPGDSATYFCAASASFGDNSKLIWGLGTSLVVNP,MKVTQMPRYLIKRMGENVLLECGQDMSHETMYWYRQDPGLGLQLIYISYDVDSNSEGDIPKGYRVSRKKREHFSLILDSAKTNQTSVYFCASSLGHTEVFFGKGTRLTVV,['5ivx'],['MH1'],['5iw1']
22,QRVTQPEKLLSVFKGAPVELKCNYSYSGSPELFWYVQYSRQRLQLLLRHISRESIKGFTADLNKGETSFHLKKPFAQEEDSAMYYCALSGFNNAGNMLTFGGGTRLMVKP,GVAQSPRYKIIEKRQSVAFWCNPISGHATLYWYQQILGQGPKLLIQFQNNGVVDDSQLPKDRFSAERLKGVDSTLKIQPAKLEDSAVYLCASSLGGAGGADTQYFGPGTRLTVL,['7n1e'],['MH1'],['7n1c']
23,QSVTQLGSHVSVSEGALVLLRCNYSSSVPPYLFWYVQYPNQGLQLLLKYTSAATLVKGINGFEAEFKKSETSFHLTKPSAHMSDAAEYFCAVSESPFGNEKLTFGTGTRLTIIP,KVTQSSRYLVKRTGEKVFLECVQDMDHENMFWYRQDPGLGLRLIYFSYDVKMKEKGDIPEGYSVSREKKERFSLILESASTNQTSMYLCASSSTGLPYGYTFGSGTRLTVV,"['1fyt', '1j8h']","['MH2', 'MH2']","['4gkz', '6eh8', '6eh9', '6fr6', '6fr7', '6fr8']"
24,QSVTQPDARVTVSEGASLQLRCKYSYSATPYLFWYVQYPRQGLQLLLKYYSGDPVVQGVNGFEAEFSKSNSSFHLRKASVHWSDSAVYFCAVSGFASALTFGSGTKVIVLP,EAAVTQSPRNKVAVTGGKVTLSCNQTNNHNNMYWYRQDTGHGLRLIHYSYGAGSTEKGDIPDGYKASRPSQENFSLILELATPSQTSVYFCASGGGGTLYFGAGTRLSVL,['2ckb'],['MH1'],['1tcr']
25,RKEVEQDPGPFNVPEGATVAFNCTYSNSASQSFFWYRQDCRKEPKLLMSVYSSGNEDGRFTAQLNRASQYISLLIRDSKLSDSATYLCVVQPGGYQKVTFGTGTKLQVIP,NAGVTQTPKFQVLKTGQSMTLQCAQDMNHNSMYWYRQDPGMGLRLIYYSASEGTTDKGEVPNGYNVSRLNKREFSLRLESAAPSQTSVYFCASSEGLWQVGDEQYFGPGTRLTVT,['6vrm'],['MH1'],['6vth']
26,RKEVEQDPGPFNVPEGATVAFNCTYSNSASQSFFWYRQDSRKEPKLLMSVYSSGNEDGRFTAQLNRASQYISLLIRDSKLSDSATYLCVVRAGKLIFGQGTELSVKP,NAGVTQTPKFRVLKTGQSMTLLCAQDMNHEYMYWYRQDPGMGLRLIHYSVGEGTTAKGEVPDGYNVSRLKKQNFLLGLESAAPSQTSVYFCASGQGNFDIQYFGAGTRLSVL,['3sjv'],['MH1'],['3skn']
